Gene	g+t+	g+t-	g-t+	g-t-	sensitivity	specificity	odds_ratio	pval	qval	pval_empirical	contrasting	supporting	opposing	best	worst
OG0006136	2	1	0	35	100.0	97.22222222222221	inf	0.004267425320056968	0.4224751066856398	0.015984015984015984	2	2	0	0.5	0.5
OG0005267	2	2	0	34	100.0	94.44444444444444	inf	0.00853485064011383	0.8449502133712692	0.016983016983016984	2	2	0	0.5	0.5
OG0005251	2	2	0	34	100.0	94.44444444444444	inf	0.00853485064011383	0.8449502133712692	0.060939060939060936	2	2	0	0.5	0.5
OG0004432	2	2	0	34	100.0	94.44444444444444	inf	0.00853485064011383	0.8449502133712692	0.061938061938061936	2	2	0	0.5	0.5
OG0004442	2	2	0	34	100.0	94.44444444444444	inf	0.00853485064011383	0.8449502133712692	0.061938061938061936	2	2	0	0.5	0.5
OG0005259	2	2	0	34	100.0	94.44444444444444	inf	0.00853485064011383	0.8449502133712692	0.061938061938061936	2	2	0	0.5	0.5
OG0005263	2	2	0	34	100.0	94.44444444444444	inf	0.00853485064011383	0.8449502133712692	0.06393606393606394	2	2	0	0.5	0.5
OG0005264	2	2	0	34	100.0	94.44444444444444	inf	0.00853485064011383	0.8449502133712692	0.06393606393606394	2	2	0	0.5	0.5
